Titulo;Valor;Id;Fecha;Propiedad
ALOJAMIENTO; 22.502.694 ;54;1/01/25;Sites 45
ALOJAMIENTO; 23.361.480 ;54;2/01/25;Sites 45
ALOJAMIENTO; 21.503.689 ;54;3/01/25;Sites 45
ALOJAMIENTO; 20.687.506 ;54;4/01/25;Sites 45
ALOJAMIENTO; 18.304.176 ;54;5/01/25;Sites 45
ALOJAMIENTO; 15.340.048 ;54;6/01/25;Sites 45
ALOJAMIENTO; 13.132.511 ;54;7/01/25;Sites 45
ALOJAMIENTO; 23.704.204 ;54;8/01/25;Sites 45
ALOJAMIENTO; 18.468.026 ;54;9/01/25;Sites 45
ALOJAMIENTO; 21.127.537 ;54;10/01/25;Sites 45
ALOJAMIENTO; 20.166.830 ;54;11/01/25;Sites 45
ALOJAMIENTO; 18.669.775 ;54;12/01/25;Sites 45
ALOJAMIENTO; 19.652.605 ;54;13/01/25;Sites 45
ALOJAMIENTO; 19.072.999 ;54;14/01/25;Sites 45
ALOJAMIENTO; 19.109.042 ;54;15/01/25;Sites 45
ALOJAMIENTO; 22.679.017 ;54;16/01/25;Sites 45
ALOJAMIENTO; 22.906.607 ;54;17/01/25;Sites 45
ALOJAMIENTO; 22.505.753 ;54;18/01/25;Sites 45
ALOJAMIENTO; 24.072.699 ;54;19/01/25;Sites 45
ALOJAMIENTO; 27.163.077 ;54;20/01/25;Sites 45
ALOJAMIENTO; 24.719.646 ;54;21/01/25;Sites 45
ALOJAMIENTO; 26.020.230 ;54;22/01/25;Sites 45
ALOJAMIENTO; 30.157.661 ;54;23/01/25;Sites 45
ALOJAMIENTO; 32.278.101 ;54;24/01/25;Sites 45
ALOJAMIENTO; 34.648.550 ;54;25/01/25;Sites 45
ALOJAMIENTO; 28.480.564 ;54;26/01/25;Sites 45
ALOJAMIENTO; 29.636.523 ;54;27/01/25;Sites 45
ALOJAMIENTO; 26.358.565 ;54;28/01/25;Sites 45
ALOJAMIENTO; 24.610.732 ;54;29/01/25;Sites 45
ALOJAMIENTO; 23.189.580 ;54;30/01/25;Sites 45
ALOJAMIENTO; 12.118.844 ;54;31/01/25;Sites 45
ALOJAMIENTO; 17.916.637 ;54;1/02/25;Sites 45
ALOJAMIENTO; 19.313.980 ;54;2/02/25;Sites 45
ALOJAMIENTO; 19.738.366 ;54;3/02/25;Sites 45
ALOJAMIENTO; 20.125.011 ;54;4/02/25;Sites 45
ALOJAMIENTO; 18.375.936 ;54;5/02/25;Sites 45
ALOJAMIENTO; 17.989.611 ;54;6/02/25;Sites 45
ALOJAMIENTO; 20.023.981 ;54;7/02/25;Sites 45
ALOJAMIENTO; 19.806.466 ;54;8/02/25;Sites 45
ALOJAMIENTO; 21.564.041 ;54;9/02/25;Sites 45
ALOJAMIENTO; 24.369.526 ;54;10/02/25;Sites 45
ALOJAMIENTO; 20.570.713 ;54;11/02/25;Sites 45
ALOJAMIENTO; 17.483.916 ;54;12/02/25;Sites 45
ALOJAMIENTO; 18.108.968 ;54;13/02/25;Sites 45
ALOJAMIENTO; 20.314.088 ;54;14/02/25;Sites 45
ALOJAMIENTO; 22.952.274 ;54;15/02/25;Sites 45
ALOJAMIENTO; 21.868.754 ;54;16/02/25;Sites 45
ALOJAMIENTO; 22.005.126 ;54;17/02/25;Sites 45
ALOJAMIENTO; 18.027.664 ;54;18/02/25;Sites 45
ALOJAMIENTO; 21.070.855 ;54;19/02/25;Sites 45
ALOJAMIENTO; 21.683.112 ;54;20/02/25;Sites 45
ALOJAMIENTO; 22.405.761 ;54;21/02/25;Sites 45
ALOJAMIENTO; 20.901.918 ;54;22/02/25;Sites 45
ALOJAMIENTO; 22.452.814 ;54;23/02/25;Sites 45
ALOJAMIENTO; 19.511.705 ;54;24/02/25;Sites 45
ALOJAMIENTO; 16.771.767 ;54;25/02/25;Sites 45
ALOJAMIENTO; 16.814.733 ;54;26/02/25;Sites 45
ALOJAMIENTO; 12.358.291 ;54;27/02/25;Sites 45
ALOJAMIENTO; 11.175.401 ;54;28/02/25;Sites 45
ALOJAMIENTO; 1.866.998 ;54;1/03/25;Sites 45
ALOJAMIENTO; 19.222.986 ;54;1/03/25;Sites 45
ALOJAMIENTO; 20.491.372 ;54;2/03/25;Sites 45
ALOJAMIENTO; 18.870.837 ;54;3/03/25;Sites 45
ALOJAMIENTO; 18.151.635 ;54;4/03/25;Sites 45
ALOJAMIENTO; 17.925.544 ;54;5/03/25;Sites 45
ALOJAMIENTO; 22.081.027 ;54;6/03/25;Sites 45
ALOJAMIENTO; 21.606.189 ;54;7/03/25;Sites 45
ALOJAMIENTO; 21.716.195 ;54;8/03/25;Sites 45
ALOJAMIENTO; 17.752.084 ;54;9/03/25;Sites 45
ALOJAMIENTO; 18.454.855 ;54;10/03/25;Sites 45
ALOJAMIENTO; 16.119.257 ;54;11/03/25;Sites 45
ALOJAMIENTO; 18.562.580 ;54;12/03/25;Sites 45
ALOJAMIENTO; 23.343.677 ;54;13/03/25;Sites 45
ALOJAMIENTO; 22.219.754 ;54;14/03/25;Sites 45
ALOJAMIENTO; 20.850.916 ;54;15/03/25;Sites 45
ALOJAMIENTO; 23.966.711 ;54;16/03/25;Sites 45
ALOJAMIENTO; 22.537.041 ;54;17/03/25;Sites 45
ALOJAMIENTO; 20.200.465 ;54;18/03/25;Sites 45
ALOJAMIENTO; 20.839.315 ;54;19/03/25;Sites 45
ALOJAMIENTO; 17.369.554 ;54;20/03/25;Sites 45
ALOJAMIENTO; 17.462.423 ;54;21/03/25;Sites 45
ALOJAMIENTO; 17.573.600 ;54;22/03/25;Sites 45
ALOJAMIENTO; 20.704.539 ;54;23/03/25;Sites 45
ALOJAMIENTO; 14.658.673 ;54;24/03/25;Sites 45
ALOJAMIENTO; 17.852.131 ;54;25/03/25;Sites 45
ALOJAMIENTO; 17.827.915 ;54;26/03/25;Sites 45
ALOJAMIENTO; 23.352.835 ;54;27/03/25;Sites 45
ALOJAMIENTO; 24.852.248 ;54;28/03/25;Sites 45
ALOJAMIENTO; 26.254.503 ;54;29/03/25;Sites 45
ALOJAMIENTO; 22.292.707 ;54;30/03/25;Sites 45
ALOJAMIENTO; 19.335.049 ;54;31/03/25;Sites 45
ALOJAMIENTO; 12.525.629 ;54;1/04/25;Sites 45
ALOJAMIENTO; 17.590.865 ;54;2/04/25;Sites 45
ALOJAMIENTO; 21.315.856 ;54;3/04/25;Sites 45
ALOJAMIENTO; 20.810.918 ;54;4/04/25;Sites 45
ALOJAMIENTO; 20.024.997 ;54;5/04/25;Sites 45
ALOJAMIENTO; 17.722.357 ;54;6/04/25;Sites 45
ALOJAMIENTO; 17.613.706 ;54;7/04/25;Sites 45
ALOJAMIENTO; 15.649.968 ;54;8/04/25;Sites 45
ALOJAMIENTO; 13.780.891 ;54;9/04/25;Sites 45
ALOJAMIENTO; 15.807.552 ;54;10/04/25;Sites 45
ALOJAMIENTO; 17.238.331 ;54;11/04/25;Sites 45
ALOJAMIENTO; 17.920.372 ;54;12/04/25;Sites 45
ALOJAMIENTO; 17.944.308 ;54;13/04/25;Sites 45
ALOJAMIENTO; 17.187.088 ;54;14/04/25;Sites 45
ALOJAMIENTO; 17.203.713 ;54;15/04/25;Sites 45
ALOJAMIENTO; 17.694.978 ;54;16/04/25;Sites 45
ALOJAMIENTO; 18.678.411 ;54;17/04/25;Sites 45
ALOJAMIENTO; 18.139.420 ;54;18/04/25;Sites 45
ALOJAMIENTO; 17.113.340 ;54;19/04/25;Sites 45
ALOJAMIENTO; 13.655.348 ;54;20/04/25;Sites 45
ALOJAMIENTO; 15.485.521 ;54;21/04/25;Sites 45
ALOJAMIENTO; 13.355.603 ;54;22/04/25;Sites 45
ALOJAMIENTO; 16.450.554 ;54;23/04/25;Sites 45
ALOJAMIENTO; 18.465.511 ;54;24/04/25;Sites 45
ALOJAMIENTO; 20.162.509 ;54;25/04/25;Sites 45
ALOJAMIENTO; 19.621.918 ;54;26/04/25;Sites 45
ALOJAMIENTO; 14.252.128 ;54;27/04/25;Sites 45
ALOJAMIENTO; 13.939.492 ;54;28/04/25;Sites 45
ALOJAMIENTO; 14.902.992 ;54;29/04/25;Sites 45
ALOJAMIENTO; 14.690.853 ;54;30/04/25;Sites 45
ALOJAMIENTO; 15.689.116 ;54;1/05/25;Sites 45
ALOJAMIENTO; 19.361.731 ;54;2/05/25;Sites 45
ALOJAMIENTO; 18.918.230 ;54;3/05/25;Sites 45
ALOJAMIENTO; 16.377.408 ;54;4/05/25;Sites 45
ALOJAMIENTO; 15.172.507 ;54;5/05/25;Sites 45
ALOJAMIENTO; 14.656.458 ;54;6/05/25;Sites 45
ALOJAMIENTO; 12.592.933 ;54;7/05/25;Sites 45
ALOJAMIENTO; 15.601.202 ;54;8/05/25;Sites 45
ALOJAMIENTO; 16.378.292 ;54;9/05/25;Sites 45
ALOJAMIENTO; 15.534.836 ;54;10/05/25;Sites 45
ALOJAMIENTO; 16.941.232 ;54;11/05/25;Sites 45
ALOJAMIENTO; 16.773.303 ;54;12/05/25;Sites 45
ALOJAMIENTO; 19.589.552 ;54;13/05/25;Sites 45
ALOJAMIENTO; 17.852.760 ;54;14/05/25;Sites 45
ALOJAMIENTO; 16.774.169 ;54;15/05/25;Sites 45
ALOJAMIENTO; 17.448.569 ;54;16/05/25;Sites 45
ALOJAMIENTO; 17.182.915 ;54;17/05/25;Sites 45
ALOJAMIENTO; 15.618.408 ;54;18/05/25;Sites 45
ALOJAMIENTO; 14.860.326 ;54;19/05/25;Sites 45
ALOJAMIENTO; 15.623.102 ;54;20/05/25;Sites 45
ALOJAMIENTO; 16.379.363 ;54;21/05/25;Sites 45
ALOJAMIENTO; 18.226.494 ;54;22/05/25;Sites 45
ALOJAMIENTO; 18.880.398 ;54;23/05/25;Sites 45
ALOJAMIENTO; 17.215.243 ;54;24/05/25;Sites 45
ALOJAMIENTO; 18.785.168 ;54;25/05/25;Sites 45
ALOJAMIENTO; 19.503.669 ;54;26/05/25;Sites 45
ALOJAMIENTO; 18.298.954 ;54;27/05/25;Sites 45
ALOJAMIENTO; 20.901.092 ;54;28/05/25;Sites 45
ALOJAMIENTO; 19.556.068 ;54;29/05/25;Sites 45
ALOJAMIENTO; 16.436.022 ;54;30/05/25;Sites 45
ALOJAMIENTO; 14.382.894 ;54;31/05/25;Sites 45
ALOJAMIENTO; 14.790.273 ;54;1/06/25;Sites 45
ALOJAMIENTO; 12.221.998 ;54;2/06/25;Sites 45
ALOJAMIENTO; 12.392.523 ;54;3/06/25;Sites 45
ALOJAMIENTO; 13.736.241 ;54;4/06/25;Sites 45
ALOJAMIENTO; 15.660.563 ;54;5/06/25;Sites 45
ALOJAMIENTO; 16.390.096 ;54;6/06/25;Sites 45
ALOJAMIENTO; 16.282.925 ;54;7/06/25;Sites 45
ALOJAMIENTO; 18.377.806 ;54;8/06/25;Sites 45
ALOJAMIENTO; 19.224.165 ;54;9/06/25;Sites 45
ALOJAMIENTO; 18.232.325 ;54;10/06/25;Sites 45
ALOJAMIENTO; 19.817.020 ;54;11/06/25;Sites 45
ALOJAMIENTO; 21.083.133 ;54;12/06/25;Sites 45
ALOJAMIENTO; 19.606.438 ;54;13/06/25;Sites 45
ALOJAMIENTO; 18.617.229 ;54;14/06/25;Sites 45
ALOJAMIENTO; 14.750.341 ;54;15/06/25;Sites 45
ALOJAMIENTO; 15.893.930 ;54;16/06/25;Sites 45
ALOJAMIENTO; 17.382.696 ;54;17/06/25;Sites 45
ALOJAMIENTO; 17.712.029 ;54;18/06/25;Sites 45
ALOJAMIENTO; 18.540.488 ;54;19/06/25;Sites 45
ALOJAMIENTO; 22.149.073 ;54;20/06/25;Sites 45
ALOJAMIENTO; 23.390.712 ;54;21/06/25;Sites 45
ALOJAMIENTO; 22.098.407 ;54;22/06/25;Sites 45
ALOJAMIENTO; 19.716.784 ;54;23/06/25;Sites 45
ALOJAMIENTO; 23.771.844 ;54;24/06/25;Sites 45
ALOJAMIENTO; 19.822.558 ;54;25/06/25;Sites 45
ALOJAMIENTO; 18.444.048 ;54;26/06/25;Sites 45
ALOJAMIENTO; 18.829.436 ;54;27/06/25;Sites 45
ALOJAMIENTO; 23.233.518 ;54;28/06/25;Sites 45
ALOJAMIENTO; 27.407.782 ;54;29/06/25;Sites 45
ALOJAMIENTO; 24.632.725 ;54;30/06/25;Sites 45
ALOJAMIENTO; 21.180.474 ;54;1/07/25;Sites 45
ALOJAMIENTO; 19.855.071 ;54;2/07/25;Sites 45
ALOJAMIENTO; 20.118.676 ;54;3/07/25;Sites 45
ALOJAMIENTO; 19.773.000 ;54;4/07/25;Sites 45
ALOJAMIENTO; 22.063.516 ;54;5/07/25;Sites 45
ALOJAMIENTO; 23.022.046 ;54;6/07/25;Sites 45
ALOJAMIENTO; 23.460.960 ;54;7/07/25;Sites 45
ALOJAMIENTO; 24.098.999 ;54;8/07/25;Sites 45
ALOJAMIENTO; 20.666.927 ;54;9/07/25;Sites 45
ALOJAMIENTO; 18.775.760 ;54;10/07/25;Sites 45
ALOJAMIENTO; 23.407.907 ;54;11/07/25;Sites 45
ALOJAMIENTO; 21.230.538 ;54;12/07/25;Sites 45
ALOJAMIENTO; 22.306.573 ;54;13/07/25;Sites 45
ALOJAMIENTO; 23.492.833 ;54;14/07/25;Sites 45
ALOJAMIENTO; 24.715.709 ;54;15/07/25;Sites 45
ALOJAMIENTO; 25.026.395 ;54;16/07/25;Sites 45
ALOJAMIENTO; 25.539.062 ;54;17/07/25;Sites 45
ALOJAMIENTO; 24.865.712 ;54;18/07/25;Sites 45
ALOJAMIENTO; 21.664.991 ;54;19/07/25;Sites 45
ALOJAMIENTO; 20.141.793 ;54;20/07/25;Sites 45
ALOJAMIENTO; 21.281.009 ;54;21/07/25;Sites 45
ALOJAMIENTO; 19.813.591 ;54;22/07/25;Sites 45
ALOJAMIENTO; 21.520.983 ;54;23/07/25;Sites 45
ALOJAMIENTO; 26.022.123 ;54;24/07/25;Sites 45
ALOJAMIENTO; 28.742.513 ;54;25/07/25;Sites 45
ALOJAMIENTO; 27.640.196 ;54;26/07/25;Sites 45
ALOJAMIENTO; 26.564.116 ;54;27/07/25;Sites 45
ALOJAMIENTO; 25.696.607 ;54;28/07/25;Sites 45
ALOJAMIENTO; 26.102.907 ;54;29/07/25;Sites 45
ALOJAMIENTO; 22.516.368 ;54;30/07/25;Sites 45
ALOJAMIENTO; 22.072.862 ;54;31/07/25;Sites 45
ALOJAMIENTO; 28.743.547 ;54;1/08/25;Sites 45
ALOJAMIENTO; 27.367.737 ;54;2/08/25;Sites 45
ALOJAMIENTO; 30.101.375 ;54;3/08/25;Sites 45
ALOJAMIENTO; 36.808.779 ;54;4/08/25;Sites 45
ALOJAMIENTO; 37.402.503 ;54;5/08/25;Sites 45
ALOJAMIENTO; 38.855.924 ;54;6/08/25;Sites 45
ALOJAMIENTO; 41.225.131 ;54;7/08/25;Sites 45
ALOJAMIENTO; 41.244.758 ;54;8/08/25;Sites 45
ALOJAMIENTO; 44.187.608 ;54;9/08/25;Sites 45
ALOJAMIENTO; 38.523.678 ;54;10/08/25;Sites 45
ALOJAMIENTO; 36.377.258 ;54;11/08/25;Sites 45
ALOJAMIENTO; 34.011.178 ;54;12/08/25;Sites 45
ALOJAMIENTO; 21.311.004 ;54;13/08/25;Sites 45
ALOJAMIENTO; 21.176.414 ;54;14/08/25;Sites 45
ALOJAMIENTO; 18.437.656 ;54;15/08/25;Sites 45
ALOJAMIENTO; 19.361.959 ;54;16/08/25;Sites 45
ALOJAMIENTO; 18.619.429 ;54;17/08/25;Sites 45
ALOJAMIENTO; 15.386.703 ;54;18/08/25;Sites 45
ALOJAMIENTO; 15.520.930 ;54;19/08/25;Sites 45
ALOJAMIENTO; 15.595.085 ;54;20/08/25;Sites 45
ALOJAMIENTO; 16.694.678 ;54;21/08/25;Sites 45
ALOJAMIENTO; 19.380.419 ;54;22/08/25;Sites 45
ALOJAMIENTO; 14.465.752 ;54;23/08/25;Sites 45
ALOJAMIENTO; 15.636.767 ;54;24/08/25;Sites 45
ALOJAMIENTO; 13.806.256 ;54;25/08/25;Sites 45
ALOJAMIENTO; 15.540.773 ;54;26/08/25;Sites 45
ALOJAMIENTO; 16.138.126 ;54;27/08/25;Sites 45
ALOJAMIENTO; 16.236.933 ;54;28/08/25;Sites 45
ALOJAMIENTO; 18.532.204 ;54;29/08/25;Sites 45
ALOJAMIENTO; 20.278.801 ;54;30/08/25;Sites 45
ALOJAMIENTO; 16.118.754 ;54;31/08/25;Sites 45
ALOJAMIENTO; 24.101.919 ;54;1/09/25;Sites 45
ALOJAMIENTO; 25.145.198 ;54;2/09/25;Sites 45
ALOJAMIENTO; 22.520.281 ;54;3/09/25;Sites 45
ALOJAMIENTO; 25.095.194 ;54;4/09/25;Sites 45
ALOJAMIENTO; 22.600.675 ;54;5/09/25;Sites 45
ALOJAMIENTO; 20.560.089 ;54;6/09/25;Sites 45
ALOJAMIENTO; 21.132.882 ;54;7/09/25;Sites 45
ALOJAMIENTO; 16.138.656 ;54;8/09/25;Sites 45
ALOJAMIENTO; 16.339.587 ;54;9/09/25;Sites 45
ALOJAMIENTO; 16.598.329 ;54;10/09/25;Sites 45
ALOJAMIENTO; 17.334.160 ;54;11/09/25;Sites 45
ALOJAMIENTO; 20.427.089 ;54;12/09/25;Sites 45
ALOJAMIENTO; 23.576.834 ;54;13/09/25;Sites 45
ALOJAMIENTO; 24.868.122 ;54;14/09/25;Sites 45
ALOJAMIENTO; 24.246.320 ;54;15/09/25;Sites 45
ALOJAMIENTO; 20.116.883 ;54;16/09/25;Sites 45
ALOJAMIENTO; 15.678.766 ;54;17/09/25;Sites 45
ALOJAMIENTO; 16.241.119 ;54;18/09/25;Sites 45
ALOJAMIENTO; 17.476.923 ;54;19/09/25;Sites 45
ALOJAMIENTO; 18.705.842 ;54;20/09/25;Sites 45
ALOJAMIENTO; 17.735.550 ;54;21/09/25;Sites 45
ALOJAMIENTO; 16.301.207 ;54;22/09/25;Sites 45
ALOJAMIENTO; 15.455.691 ;54;23/09/25;Sites 45
ALOJAMIENTO; 16.857.092 ;54;24/09/25;Sites 45
ALOJAMIENTO; 18.957.383 ;54;25/09/25;Sites 45
ALOJAMIENTO; 16.769.000 ;54;26/09/25;Sites 45
ALOJAMIENTO; 14.336.704 ;54;27/09/25;Sites 45
ALOJAMIENTO; 15.880.617 ;54;28/09/25;Sites 45
ALOJAMIENTO; 14.653.672 ;54;29/09/25;Sites 45
ALOJAMIENTO; 6.960.351 ;54;30/09/25;Sites 45
ALOJAMIENTO; 13.607.717 ;54;1/10/25;Sites 45
ALOJAMIENTO; 16.594.582 ;54;2/10/25;Sites 45
ALOJAMIENTO; 18.092.645 ;54;3/10/25;Sites 45
ALOJAMIENTO; 18.521.469 ;54;4/10/25;Sites 45
ALOJAMIENTO; 16.684.085 ;54;5/10/25;Sites 45
ALOJAMIENTO; 16.516.757 ;54;6/10/25;Sites 45
ALOJAMIENTO; 13.360.925 ;54;7/10/25;Sites 45
ALOJAMIENTO; 12.031.348 ;54;8/10/25;Sites 45
ALOJAMIENTO; 13.022.162 ;54;9/10/25;Sites 45
ALOJAMIENTO; 14.001.800 ;54;10/10/25;Sites 45
ALOJAMIENTO; 20.163.730 ;54;11/10/25;Sites 45
ALOJAMIENTO; 20.439.828 ;54;12/10/25;Sites 45
ALOJAMIENTO; 19.849.889 ;54;13/10/25;Sites 45
ALOJAMIENTO; 12.941.529 ;54;14/10/25;Sites 45
ALOJAMIENTO; 13.314.420 ;54;15/10/25;Sites 45
ALOJAMIENTO; 17.304.231 ;54;16/10/25;Sites 45
ALOJAMIENTO; 19.471.859 ;54;17/10/25;Sites 45
ALOJAMIENTO; 20.977.607 ;54;18/10/25;Sites 45
ALOJAMIENTO; 20.985.489 ;54;19/10/25;Sites 45
ALOJAMIENTO; 18.147.239 ;54;20/10/25;Sites 45
ALOJAMIENTO; 19.056.503 ;54;21/10/25;Sites 45
ALOJAMIENTO; 22.442.078 ;54;22/10/25;Sites 45
ALOJAMIENTO; 23.248.684 ;54;23/10/25;Sites 45
ALOJAMIENTO; 24.038.309 ;54;24/10/25;Sites 45
ALOJAMIENTO; 21.677.929 ;54;25/10/25;Sites 45
ALOJAMIENTO; 17.835.185 ;54;26/10/25;Sites 45
ALOJAMIENTO; 15.255.361 ;54;27/10/25;Sites 45
ALOJAMIENTO; 13.821.362 ;54;28/10/25;Sites 45
ALOJAMIENTO; 16.947.127 ;54;29/10/25;Sites 45
ALOJAMIENTO; 15.366.263 ;54;30/10/25;Sites 45
ALOJAMIENTO; 13.219.325 ;54;31/10/25;Sites 45
ALOJAMIENTO; 18.614.283 ;54;1/11/25;Sites 45
ALOJAMIENTO; 19.968.267 ;54;2/11/25;Sites 45
ALOJAMIENTO; 25.302.585 ;54;3/11/25;Sites 45
ALOJAMIENTO; 23.596.210 ;54;4/11/25;Sites 45
ALOJAMIENTO; 23.188.652 ;54;5/11/25;Sites 45
ALOJAMIENTO; 18.706.451 ;54;6/11/25;Sites 45
ALOJAMIENTO; 18.995.113 ;54;7/11/25;Sites 45
ALOJAMIENTO; 18.304.179 ;54;8/11/25;Sites 45
ALOJAMIENTO; 17.654.061 ;54;9/11/25;Sites 45
ALOJAMIENTO; 15.664.351 ;54;10/11/25;Sites 45
ALOJAMIENTO; 8.884.712 ;54;11/11/25;Sites 45
ALOJAMIENTO; 11.901.021 ;54;12/11/25;Sites 45
ALOJAMIENTO; 14.857.856 ;54;13/11/25;Sites 45
ALOJAMIENTO; 19.306.290 ;54;14/11/25;Sites 45
ALOJAMIENTO; 18.299.693 ;54;15/11/25;Sites 45
ALOJAMIENTO; 19.531.074 ;54;16/11/25;Sites 45
ALOJAMIENTO; 14.763.544 ;54;17/11/25;Sites 45
ALOJAMIENTO; 15.593.324 ;54;18/11/25;Sites 45
ALOJAMIENTO; 17.643.346 ;54;19/11/25;Sites 45
ALOJAMIENTO; 19.814.085 ;54;20/11/25;Sites 45
ALOJAMIENTO; 19.854.080 ;54;21/11/25;Sites 45
ALOJAMIENTO; 21.483.604 ;54;22/11/25;Sites 45
ALOJAMIENTO; 21.144.231 ;54;23/11/25;Sites 45
ALOJAMIENTO; 17.977.561 ;54;24/11/25;Sites 45
ALOJAMIENTO; 16.933.195 ;54;25/11/25;Sites 45
ALOJAMIENTO; 19.051.770 ;54;26/11/25;Sites 45
ALOJAMIENTO; 18.657.708 ;54;27/11/25;Sites 45
ALOJAMIENTO; 19.143.679 ;54;28/11/25;Sites 45
ALOJAMIENTO; 16.280.810 ;54;29/11/25;Sites 45
ALOJAMIENTO; 21.403.529 ;54;30/11/25;Sites 45
ALOJAMIENTO; 19.213.313 ;54;1/12/25;Sites 45
ALOJAMIENTO; 17.841.696 ;54;2/12/25;Sites 45
ALOJAMIENTO; 13.746.296 ;54;3/12/25;Sites 45
ALOJAMIENTO; 16.335.833 ;54;4/12/25;Sites 45
ALOJAMIENTO; 20.154.330 ;54;5/12/25;Sites 45
ALOJAMIENTO; 19.394.791 ;54;6/12/25;Sites 45
ALOJAMIENTO; 21.392.799 ;54;7/12/25;Sites 45
ALOJAMIENTO; 21.413.926 ;54;8/12/25;Sites 45
ALOJAMIENTO; 17.720.423 ;54;9/12/25;Sites 45
ALOJAMIENTO; 15.780.976 ;54;10/12/25;Sites 45
ALOJAMIENTO; 14.947.755 ;54;11/12/25;Sites 45
ALOJAMIENTO; 17.516.691 ;54;12/12/25;Sites 45
ALOJAMIENTO; 18.755.449 ;54;13/12/25;Sites 45
ALOJAMIENTO; 16.224.821 ;54;14/12/25;Sites 45
ALOJAMIENTO; 13.844.224 ;54;15/12/25;Sites 45
ALOJAMIENTO; 12.187.842 ;54;16/12/25;Sites 45
ALOJAMIENTO; 11.830.625 ;54;17/12/25;Sites 45
ALOJAMIENTO; 14.537.272 ;54;18/12/25;Sites 45
ALOJAMIENTO; 16.555.367 ;54;19/12/25;Sites 45
ALOJAMIENTO; 15.275.500 ;54;20/12/25;Sites 45
ALOJAMIENTO; 14.330.618 ;54;21/12/25;Sites 45
ALOJAMIENTO; 12.762.291 ;54;22/12/25;Sites 45
ALOJAMIENTO; 13.257.453 ;54;23/12/25;Sites 45
ALOJAMIENTO; 13.365.024 ;54;24/12/25;Sites 45
ALOJAMIENTO; 16.670.602 ;54;25/12/25;Sites 45
ALOJAMIENTO; 20.425.235 ;54;26/12/25;Sites 45
ALOJAMIENTO; 25.332.580 ;54;27/12/25;Sites 45
ALOJAMIENTO; 23.364.628 ;54;28/12/25;Sites 45
ALOJAMIENTO; 27.550.939 ;54;29/12/25;Sites 45
ALOJAMIENTO; 26.599.648 ;54;30/12/25;Sites 45
ALOJAMIENTO; 26.340.909 ;54;31/12/25;Sites 45
ALOJAMIENTO; 6.401.066 ;54;1/01/25;Sites BAQ
ALOJAMIENTO; 5.823.035 ;54;2/01/25;Sites BAQ
ALOJAMIENTO; 6.350.939 ;54;3/01/25;Sites BAQ
ALOJAMIENTO; 7.194.880 ;54;4/01/25;Sites BAQ
ALOJAMIENTO; 9.231.661 ;54;5/01/25;Sites BAQ
ALOJAMIENTO; 7.515.990 ;54;6/01/25;Sites BAQ
ALOJAMIENTO; 6.706.060 ;54;7/01/25;Sites BAQ
ALOJAMIENTO; 10.236.146 ;54;8/01/25;Sites BAQ
ALOJAMIENTO; 7.010.749 ;54;9/01/25;Sites BAQ
ALOJAMIENTO; 5.683.049 ;54;10/01/25;Sites BAQ
ALOJAMIENTO; 8.727.663 ;54;11/01/25;Sites BAQ
ALOJAMIENTO; 6.835.056 ;54;12/01/25;Sites BAQ
ALOJAMIENTO; 6.671.227 ;54;13/01/25;Sites BAQ
ALOJAMIENTO; 5.550.500 ;54;14/01/25;Sites BAQ
ALOJAMIENTO; 6.451.497 ;54;15/01/25;Sites BAQ
ALOJAMIENTO; 6.490.533 ;54;16/01/25;Sites BAQ
ALOJAMIENTO; 7.463.457 ;54;17/01/25;Sites BAQ
ALOJAMIENTO; 6.685.128 ;54;18/01/25;Sites BAQ
ALOJAMIENTO; 5.660.738 ;54;19/01/25;Sites BAQ
ALOJAMIENTO; 7.155.954 ;54;20/01/25;Sites BAQ
ALOJAMIENTO; 8.197.749 ;54;21/01/25;Sites BAQ
ALOJAMIENTO; 8.519.503 ;54;22/01/25;Sites BAQ
ALOJAMIENTO; 7.656.939 ;54;23/01/25;Sites BAQ
ALOJAMIENTO; 7.592.679 ;54;24/01/25;Sites BAQ
ALOJAMIENTO; 9.847.317 ;54;25/01/25;Sites BAQ
ALOJAMIENTO; 9.772.700 ;54;26/01/25;Sites BAQ
ALOJAMIENTO; 11.438.403 ;54;27/01/25;Sites BAQ
ALOJAMIENTO; 8.894.842 ;54;28/01/25;Sites BAQ
ALOJAMIENTO; 8.008.583 ;54;29/01/25;Sites BAQ
ALOJAMIENTO; 7.704.639 ;54;30/01/25;Sites BAQ
ALOJAMIENTO; 9.892.860 ;54;31/01/25;Sites BAQ
ALOJAMIENTO; 4.906.984 ;54;1/02/25;Sites BAQ
ALOJAMIENTO; 3.133.927 ;54;2/02/25;Sites BAQ
ALOJAMIENTO; 3.999.043 ;54;3/02/25;Sites BAQ
ALOJAMIENTO; 3.912.693 ;54;4/02/25;Sites BAQ
ALOJAMIENTO; 3.706.818 ;54;5/02/25;Sites BAQ
ALOJAMIENTO; 3.411.433 ;54;6/02/25;Sites BAQ
ALOJAMIENTO; 3.886.069 ;54;7/02/25;Sites BAQ
ALOJAMIENTO; 4.069.710 ;54;8/02/25;Sites BAQ
ALOJAMIENTO; 10.848.198 ;54;9/02/25;Sites BAQ
ALOJAMIENTO; 18.815.177 ;54;10/02/25;Sites BAQ
ALOJAMIENTO; 8.296.656 ;54;11/02/25;Sites BAQ
ALOJAMIENTO; 5.485.862 ;54;12/02/25;Sites BAQ
ALOJAMIENTO; 4.260.964 ;54;13/02/25;Sites BAQ
ALOJAMIENTO; 3.857.371 ;54;14/02/25;Sites BAQ
ALOJAMIENTO; 3.965.289 ;54;15/02/25;Sites BAQ
ALOJAMIENTO; 5.444.911 ;54;16/02/25;Sites BAQ
ALOJAMIENTO; 9.235.367 ;54;17/02/25;Sites BAQ
ALOJAMIENTO; 9.137.287 ;54;18/02/25;Sites BAQ
ALOJAMIENTO; 10.247.124 ;54;19/02/25;Sites BAQ
ALOJAMIENTO; 13.330.075 ;54;20/02/25;Sites BAQ
ALOJAMIENTO; 12.169.845 ;54;21/02/25;Sites BAQ
ALOJAMIENTO; 8.138.234 ;54;22/02/25;Sites BAQ
ALOJAMIENTO; 3.892.459 ;54;23/02/25;Sites BAQ
ALOJAMIENTO; 5.043.499 ;54;24/02/25;Sites BAQ
ALOJAMIENTO; 4.317.830 ;54;25/02/25;Sites BAQ
ALOJAMIENTO; 5.499.924 ;54;26/02/25;Sites BAQ
ALOJAMIENTO; 8.034.950 ;54;27/02/25;Sites BAQ
ALOJAMIENTO; 17.516.339 ;54;28/02/25;Sites BAQ
ALOJAMIENTO; 1.167.448 ;54;1/03/25;Sites BAQ
ALOJAMIENTO; 24.450.529 ;54;1/03/25;Sites BAQ
ALOJAMIENTO; 11.285.785 ;54;2/03/25;Sites BAQ
ALOJAMIENTO; 8.017.244 ;54;3/03/25;Sites BAQ
ALOJAMIENTO; 3.826.791 ;54;4/03/25;Sites BAQ
ALOJAMIENTO; 4.814.727 ;54;5/03/25;Sites BAQ
ALOJAMIENTO; 6.699.009 ;54;6/03/25;Sites BAQ
ALOJAMIENTO; 7.318.373 ;54;7/03/25;Sites BAQ
ALOJAMIENTO; 6.063.764 ;54;8/03/25;Sites BAQ
ALOJAMIENTO; 6.055.050 ;54;9/03/25;Sites BAQ
ALOJAMIENTO; 7.117.734 ;54;10/03/25;Sites BAQ
ALOJAMIENTO; 8.592.994 ;54;11/03/25;Sites BAQ
ALOJAMIENTO; 7.428.795 ;54;12/03/25;Sites BAQ
ALOJAMIENTO; 9.371.588 ;54;13/03/25;Sites BAQ
ALOJAMIENTO; 10.557.448 ;54;14/03/25;Sites BAQ
ALOJAMIENTO; 7.269.207 ;54;15/03/25;Sites BAQ
ALOJAMIENTO; 4.573.714 ;54;16/03/25;Sites BAQ
ALOJAMIENTO; 5.011.395 ;54;17/03/25;Sites BAQ
ALOJAMIENTO; 7.171.891 ;54;18/03/25;Sites BAQ
ALOJAMIENTO; 8.866.785 ;54;19/03/25;Sites BAQ
ALOJAMIENTO; 5.987.046 ;54;20/03/25;Sites BAQ
ALOJAMIENTO; 7.905.205 ;54;21/03/25;Sites BAQ
ALOJAMIENTO; 8.626.932 ;54;22/03/25;Sites BAQ
ALOJAMIENTO; 6.566.303 ;54;23/03/25;Sites BAQ
ALOJAMIENTO; 9.092.308 ;54;24/03/25;Sites BAQ
ALOJAMIENTO; 15.582.240 ;54;25/03/25;Sites BAQ
ALOJAMIENTO; 4.080.213 ;54;26/03/25;Sites BAQ
ALOJAMIENTO; 4.279.091 ;54;27/03/25;Sites BAQ
ALOJAMIENTO; 5.069.354 ;54;28/03/25;Sites BAQ
ALOJAMIENTO; 3.084.961 ;54;29/03/25;Sites BAQ
ALOJAMIENTO; 2.332.135 ;54;30/03/25;Sites BAQ
ALOJAMIENTO; 2.744.909 ;54;31/03/25;Sites BAQ
ALOJAMIENTO; 5.680.314 ;54;1/04/25;Sites BAQ
ALOJAMIENTO; 5.389.109 ;54;2/04/25;Sites BAQ
ALOJAMIENTO; 11.110.440 ;54;3/04/25;Sites BAQ
ALOJAMIENTO; 11.922.582 ;54;4/04/25;Sites BAQ
ALOJAMIENTO; 12.168.385 ;54;5/04/25;Sites BAQ
ALOJAMIENTO; 9.562.385 ;54;6/04/25;Sites BAQ
ALOJAMIENTO; 12.006.596 ;54;7/04/25;Sites BAQ
ALOJAMIENTO; 16.593.267 ;54;8/04/25;Sites BAQ
ALOJAMIENTO; 23.179.366 ;54;9/04/25;Sites BAQ
ALOJAMIENTO; 18.196.443 ;54;10/04/25;Sites BAQ
ALOJAMIENTO; 15.906.399 ;54;11/04/25;Sites BAQ
ALOJAMIENTO; 13.737.777 ;54;12/04/25;Sites BAQ
ALOJAMIENTO; 12.570.102 ;54;13/04/25;Sites BAQ
ALOJAMIENTO; 10.769.487 ;54;14/04/25;Sites BAQ
ALOJAMIENTO; 11.199.048 ;54;15/04/25;Sites BAQ
ALOJAMIENTO; 12.377.874 ;54;16/04/25;Sites BAQ
ALOJAMIENTO; 13.363.643 ;54;17/04/25;Sites BAQ
ALOJAMIENTO; 14.683.070 ;54;18/04/25;Sites BAQ
ALOJAMIENTO; 10.260.431 ;54;19/04/25;Sites BAQ
ALOJAMIENTO; 4.839.596 ;54;20/04/25;Sites BAQ
ALOJAMIENTO; 7.110.600 ;54;21/04/25;Sites BAQ
ALOJAMIENTO; 6.182.616 ;54;22/04/25;Sites BAQ
ALOJAMIENTO; 14.406.646 ;54;23/04/25;Sites BAQ
ALOJAMIENTO; 15.292.139 ;54;24/04/25;Sites BAQ
ALOJAMIENTO; 26.922.591 ;54;25/04/25;Sites BAQ
ALOJAMIENTO; 25.641.037 ;54;26/04/25;Sites BAQ
ALOJAMIENTO; 11.648.616 ;54;27/04/25;Sites BAQ
ALOJAMIENTO; 9.023.911 ;54;28/04/25;Sites BAQ
ALOJAMIENTO; 11.351.518 ;54;29/04/25;Sites BAQ
ALOJAMIENTO; 5.522.179 ;54;30/04/25;Sites BAQ
ALOJAMIENTO; 3.417.300 ;54;1/05/25;Sites BAQ
ALOJAMIENTO; 10.338.804 ;54;2/05/25;Sites BAQ
ALOJAMIENTO; 15.834.121 ;54;3/05/25;Sites BAQ
ALOJAMIENTO; 8.044.958 ;54;4/05/25;Sites BAQ
ALOJAMIENTO; 6.762.632 ;54;5/05/25;Sites BAQ
ALOJAMIENTO; 10.740.388 ;54;6/05/25;Sites BAQ
ALOJAMIENTO; 10.176.643 ;54;7/05/25;Sites BAQ
ALOJAMIENTO; 10.690.725 ;54;8/05/25;Sites BAQ
ALOJAMIENTO; 12.406.378 ;54;9/05/25;Sites BAQ
ALOJAMIENTO; 9.866.865 ;54;10/05/25;Sites BAQ
ALOJAMIENTO; 9.044.317 ;54;11/05/25;Sites BAQ
ALOJAMIENTO; 8.040.501 ;54;12/05/25;Sites BAQ
ALOJAMIENTO; 8.732.765 ;54;13/05/25;Sites BAQ
ALOJAMIENTO; 16.930.663 ;54;14/05/25;Sites BAQ
ALOJAMIENTO; 20.989.128 ;54;15/05/25;Sites BAQ
ALOJAMIENTO; 19.481.001 ;54;16/05/25;Sites BAQ
ALOJAMIENTO; 12.113.181 ;54;17/05/25;Sites BAQ
ALOJAMIENTO; 12.073.678 ;54;18/05/25;Sites BAQ
ALOJAMIENTO; 8.604.234 ;54;19/05/25;Sites BAQ
ALOJAMIENTO; 11.344.945 ;54;20/05/25;Sites BAQ
ALOJAMIENTO; 19.410.979 ;54;21/05/25;Sites BAQ
ALOJAMIENTO; 23.010.811 ;54;22/05/25;Sites BAQ
ALOJAMIENTO; 19.622.818 ;54;23/05/25;Sites BAQ
ALOJAMIENTO; 16.906.700 ;54;24/05/25;Sites BAQ
ALOJAMIENTO; 12.503.717 ;54;25/05/25;Sites BAQ
ALOJAMIENTO; 11.101.939 ;54;26/05/25;Sites BAQ
ALOJAMIENTO; 11.327.581 ;54;27/05/25;Sites BAQ
ALOJAMIENTO; 10.954.046 ;54;28/05/25;Sites BAQ
ALOJAMIENTO; 13.414.796 ;54;29/05/25;Sites BAQ
ALOJAMIENTO; 17.611.802 ;54;30/05/25;Sites BAQ
ALOJAMIENTO; 16.044.253 ;54;31/05/25;Sites BAQ
ALOJAMIENTO; 11.329.593 ;54;1/06/25;Sites BAQ
ALOJAMIENTO; 10.010.693 ;54;2/06/25;Sites BAQ
ALOJAMIENTO; 7.716.879 ;54;3/06/25;Sites BAQ
ALOJAMIENTO; 12.651.689 ;54;4/06/25;Sites BAQ
ALOJAMIENTO; 29.296.542 ;54;5/06/25;Sites BAQ
ALOJAMIENTO; 31.627.360 ;54;6/06/25;Sites BAQ
ALOJAMIENTO; 15.761.425 ;54;7/06/25;Sites BAQ
ALOJAMIENTO; 10.010.980 ;54;8/06/25;Sites BAQ
ALOJAMIENTO; 8.523.528 ;54;9/06/25;Sites BAQ
ALOJAMIENTO; 9.584.995 ;54;10/06/25;Sites BAQ
ALOJAMIENTO; 10.727.552 ;54;11/06/25;Sites BAQ
ALOJAMIENTO; 5.965.716 ;54;12/06/25;Sites BAQ
ALOJAMIENTO; 8.831.770 ;54;13/06/25;Sites BAQ
ALOJAMIENTO; 10.083.804 ;54;14/06/25;Sites BAQ
ALOJAMIENTO; 9.454.197 ;54;15/06/25;Sites BAQ
ALOJAMIENTO; 6.977.188 ;54;16/06/25;Sites BAQ
ALOJAMIENTO; 5.943.666 ;54;17/06/25;Sites BAQ
ALOJAMIENTO; 9.516.017 ;54;18/06/25;Sites BAQ
ALOJAMIENTO; 8.605.930 ;54;19/06/25;Sites BAQ
ALOJAMIENTO; 11.235.301 ;54;20/06/25;Sites BAQ
ALOJAMIENTO; 10.838.032 ;54;21/06/25;Sites BAQ
ALOJAMIENTO; 11.880.711 ;54;22/06/25;Sites BAQ
ALOJAMIENTO; 11.483.138 ;54;23/06/25;Sites BAQ
ALOJAMIENTO; 13.647.711 ;54;24/06/25;Sites BAQ
ALOJAMIENTO; 15.873.127 ;54;25/06/25;Sites BAQ
ALOJAMIENTO; 17.350.620 ;54;26/06/25;Sites BAQ
ALOJAMIENTO; 13.386.698 ;54;27/06/25;Sites BAQ
ALOJAMIENTO; 11.358.359 ;54;28/06/25;Sites BAQ
ALOJAMIENTO; 8.787.196 ;54;29/06/25;Sites BAQ
ALOJAMIENTO; 8.273.043 ;54;30/06/25;Sites BAQ
ALOJAMIENTO; 10.121.804 ;54;1/07/25;Sites BAQ
ALOJAMIENTO; 13.543.343 ;54;2/07/25;Sites BAQ
ALOJAMIENTO; 13.854.102 ;54;3/07/25;Sites BAQ
ALOJAMIENTO; 11.772.988 ;54;4/07/25;Sites BAQ
ALOJAMIENTO; 12.656.250 ;54;5/07/25;Sites BAQ
ALOJAMIENTO; 10.095.582 ;54;6/07/25;Sites BAQ
ALOJAMIENTO; 11.137.474 ;54;7/07/25;Sites BAQ
ALOJAMIENTO; 11.970.217 ;54;8/07/25;Sites BAQ
ALOJAMIENTO; 9.854.198 ;54;9/07/25;Sites BAQ
ALOJAMIENTO; 12.681.055 ;54;10/07/25;Sites BAQ
ALOJAMIENTO; 13.876.889 ;54;11/07/25;Sites BAQ
ALOJAMIENTO; 14.112.871 ;54;12/07/25;Sites BAQ
ALOJAMIENTO; 11.039.784 ;54;13/07/25;Sites BAQ
ALOJAMIENTO; 7.838.515 ;54;14/07/25;Sites BAQ
ALOJAMIENTO; 9.607.357 ;54;15/07/25;Sites BAQ
ALOJAMIENTO; 9.634.021 ;54;16/07/25;Sites BAQ
ALOJAMIENTO; 11.953.746 ;54;17/07/25;Sites BAQ
ALOJAMIENTO; 15.200.548 ;54;18/07/25;Sites BAQ
ALOJAMIENTO; 10.512.437 ;54;19/07/25;Sites BAQ
ALOJAMIENTO; 9.456.521 ;54;20/07/25;Sites BAQ
ALOJAMIENTO; 10.221.334 ;54;21/07/25;Sites BAQ
ALOJAMIENTO; 12.669.272 ;54;22/07/25;Sites BAQ
ALOJAMIENTO; 8.644.801 ;54;23/07/25;Sites BAQ
ALOJAMIENTO; 14.686.185 ;54;24/07/25;Sites BAQ
ALOJAMIENTO; 18.300.961 ;54;25/07/25;Sites BAQ
ALOJAMIENTO; 12.049.358 ;54;26/07/25;Sites BAQ
ALOJAMIENTO; 9.778.397 ;54;27/07/25;Sites BAQ
ALOJAMIENTO; 8.607.272 ;54;28/07/25;Sites BAQ
ALOJAMIENTO; 12.938.519 ;54;29/07/25;Sites BAQ
ALOJAMIENTO; 16.882.347 ;54;30/07/25;Sites BAQ
ALOJAMIENTO; 17.853.354 ;54;31/07/25;Sites BAQ
ALOJAMIENTO; 25.924.800 ;54;1/08/25;Sites BAQ
ALOJAMIENTO; 18.352.780 ;54;2/08/25;Sites BAQ
ALOJAMIENTO; 12.908.126 ;54;3/08/25;Sites BAQ
ALOJAMIENTO; 11.154.373 ;54;4/08/25;Sites BAQ
ALOJAMIENTO; 12.443.617 ;54;5/08/25;Sites BAQ
ALOJAMIENTO; 14.622.034 ;54;6/08/25;Sites BAQ
ALOJAMIENTO; 29.892.203 ;54;7/08/25;Sites BAQ
ALOJAMIENTO; 14.434.990 ;54;8/08/25;Sites BAQ
ALOJAMIENTO; 14.855.951 ;54;9/08/25;Sites BAQ
ALOJAMIENTO; 16.361.608 ;54;10/08/25;Sites BAQ
ALOJAMIENTO; 15.886.185 ;54;11/08/25;Sites BAQ
ALOJAMIENTO; 12.066.412 ;54;12/08/25;Sites BAQ
ALOJAMIENTO; 5.664.803 ;54;13/08/25;Sites BAQ
ALOJAMIENTO; 8.787.027 ;54;14/08/25;Sites BAQ
ALOJAMIENTO; 9.489.029 ;54;15/08/25;Sites BAQ
ALOJAMIENTO; 9.811.849 ;54;16/08/25;Sites BAQ
ALOJAMIENTO; 8.259.656 ;54;17/08/25;Sites BAQ
ALOJAMIENTO; 7.976.912 ;54;18/08/25;Sites BAQ
ALOJAMIENTO; 5.691.400 ;54;19/08/25;Sites BAQ
ALOJAMIENTO; 5.478.588 ;54;20/08/25;Sites BAQ
ALOJAMIENTO; 7.534.538 ;54;21/08/25;Sites BAQ
ALOJAMIENTO; 7.280.055 ;54;22/08/25;Sites BAQ
ALOJAMIENTO; 7.381.469 ;54;23/08/25;Sites BAQ
ALOJAMIENTO; 6.381.199 ;54;24/08/25;Sites BAQ
ALOJAMIENTO; 8.130.346 ;54;25/08/25;Sites BAQ
ALOJAMIENTO; 6.869.975 ;54;26/08/25;Sites BAQ
ALOJAMIENTO; 6.303.442 ;54;27/08/25;Sites BAQ
ALOJAMIENTO; 7.528.232 ;54;28/08/25;Sites BAQ
ALOJAMIENTO; 7.366.617 ;54;29/08/25;Sites BAQ
ALOJAMIENTO; 9.815.380 ;54;30/08/25;Sites BAQ
ALOJAMIENTO; 9.851.129 ;54;31/08/25;Sites BAQ
ALOJAMIENTO; 15.702.035 ;54;1/09/25;Sites BAQ
ALOJAMIENTO; 12.018.185 ;54;2/09/25;Sites BAQ
ALOJAMIENTO; 10.807.630 ;54;3/09/25;Sites BAQ
ALOJAMIENTO; 14.226.542 ;54;4/09/25;Sites BAQ
ALOJAMIENTO; 13.480.748 ;54;5/09/25;Sites BAQ
ALOJAMIENTO; 16.881.202 ;54;6/09/25;Sites BAQ
ALOJAMIENTO; 25.941.532 ;54;7/09/25;Sites BAQ
ALOJAMIENTO; 7.813.345 ;54;8/09/25;Sites BAQ
ALOJAMIENTO; 28.404.187 ;54;9/09/25;Sites BAQ
ALOJAMIENTO; 42.482.628 ;54;10/09/25;Sites BAQ
ALOJAMIENTO; 15.188.423 ;54;11/09/25;Sites BAQ
ALOJAMIENTO; 15.973.865 ;54;12/09/25;Sites BAQ
ALOJAMIENTO; 16.839.994 ;54;13/09/25;Sites BAQ
ALOJAMIENTO; 15.271.011 ;54;14/09/25;Sites BAQ
ALOJAMIENTO; 12.020.613 ;54;15/09/25;Sites BAQ
ALOJAMIENTO; 13.851.658 ;54;16/09/25;Sites BAQ
ALOJAMIENTO; 12.209.057 ;54;17/09/25;Sites BAQ
ALOJAMIENTO; 15.370.321 ;54;18/09/25;Sites BAQ
ALOJAMIENTO; 16.311.875 ;54;19/09/25;Sites BAQ
ALOJAMIENTO; 16.636.964 ;54;20/09/25;Sites BAQ
ALOJAMIENTO; 10.566.857 ;54;21/09/25;Sites BAQ
ALOJAMIENTO; 5.679.904 ;54;22/09/25;Sites BAQ
ALOJAMIENTO; 6.791.064 ;54;23/09/25;Sites BAQ
ALOJAMIENTO; 8.808.619 ;54;24/09/25;Sites BAQ
ALOJAMIENTO; 9.673.566 ;54;25/09/25;Sites BAQ
ALOJAMIENTO; 10.453.091 ;54;26/09/25;Sites BAQ
ALOJAMIENTO; 17.683.860 ;54;27/09/25;Sites BAQ
ALOJAMIENTO; 17.702.801 ;54;28/09/25;Sites BAQ
ALOJAMIENTO; 9.015.967 ;54;29/09/25;Sites BAQ
ALOJAMIENTO; 8.958.725 ;54;30/09/25;Sites BAQ
ALOJAMIENTO; 9.520.356 ;54;1/10/25;Sites BAQ
ALOJAMIENTO; 11.983.975 ;54;2/10/25;Sites BAQ
ALOJAMIENTO; 13.547.486 ;54;3/10/25;Sites BAQ
ALOJAMIENTO; 15.139.809 ;54;4/10/25;Sites BAQ
ALOJAMIENTO; 12.375.989 ;54;5/10/25;Sites BAQ
ALOJAMIENTO; 8.963.998 ;54;6/10/25;Sites BAQ
ALOJAMIENTO; 6.272.733 ;54;7/10/25;Sites BAQ
ALOJAMIENTO; 5.378.689 ;54;8/10/25;Sites BAQ
ALOJAMIENTO; 8.590.407 ;54;9/10/25;Sites BAQ
ALOJAMIENTO; 9.123.735 ;54;10/10/25;Sites BAQ
ALOJAMIENTO; 18.285.058 ;54;11/10/25;Sites BAQ
ALOJAMIENTO; 31.686.994 ;54;12/10/25;Sites BAQ
ALOJAMIENTO; 11.984.656 ;54;13/10/25;Sites BAQ
ALOJAMIENTO; 19.933.207 ;54;14/10/25;Sites BAQ
ALOJAMIENTO; 29.733.365 ;54;15/10/25;Sites BAQ
ALOJAMIENTO; 10.966.253 ;54;16/10/25;Sites BAQ
ALOJAMIENTO; 11.303.137 ;54;17/10/25;Sites BAQ
ALOJAMIENTO; 15.168.718 ;54;18/10/25;Sites BAQ
ALOJAMIENTO; 13.296.536 ;54;19/10/25;Sites BAQ
ALOJAMIENTO; 8.361.022 ;54;20/10/25;Sites BAQ
ALOJAMIENTO; 8.885.534 ;54;21/10/25;Sites BAQ
ALOJAMIENTO; 6.758.519 ;54;22/10/25;Sites BAQ
ALOJAMIENTO; 11.622.903 ;54;23/10/25;Sites BAQ
ALOJAMIENTO; 11.697.962 ;54;24/10/25;Sites BAQ
ALOJAMIENTO; 5.484.797 ;54;25/10/25;Sites BAQ
ALOJAMIENTO; 5.569.289 ;54;26/10/25;Sites BAQ
ALOJAMIENTO; 3.627.595 ;54;27/10/25;Sites BAQ
ALOJAMIENTO; 4.995.565 ;54;28/10/25;Sites BAQ
ALOJAMIENTO; 4.907.951 ;54;29/10/25;Sites BAQ
ALOJAMIENTO; 3.677.182 ;54;30/10/25;Sites BAQ
ALOJAMIENTO; 7.032.977 ;54;31/10/25;Sites BAQ
ALOJAMIENTO; 11.613.997 ;54;1/11/25;Sites BAQ
ALOJAMIENTO; 10.606.003 ;54;2/11/25;Sites BAQ
ALOJAMIENTO; 6.091.161 ;54;3/11/25;Sites BAQ
ALOJAMIENTO; 4.667.026 ;54;4/11/25;Sites BAQ
ALOJAMIENTO; 5.783.134 ;54;5/11/25;Sites BAQ
ALOJAMIENTO; 7.548.368 ;54;6/11/25;Sites BAQ
ALOJAMIENTO; 7.671.383 ;54;7/11/25;Sites BAQ
ALOJAMIENTO; 9.331.064 ;54;8/11/25;Sites BAQ
ALOJAMIENTO; 9.148.261 ;54;9/11/25;Sites BAQ
ALOJAMIENTO; 8.022.338 ;54;10/11/25;Sites BAQ
ALOJAMIENTO; 8.219.046 ;54;11/11/25;Sites BAQ
ALOJAMIENTO; 8.031.464 ;54;12/11/25;Sites BAQ
ALOJAMIENTO; 4.823.586 ;54;13/11/25;Sites BAQ
ALOJAMIENTO; 8.021.696 ;54;14/11/25;Sites BAQ
ALOJAMIENTO; 16.615.708 ;54;15/11/25;Sites BAQ
ALOJAMIENTO; 25.444.953 ;54;16/11/25;Sites BAQ
ALOJAMIENTO; 7.715.094 ;54;17/11/25;Sites BAQ
ALOJAMIENTO; 16.708.918 ;54;18/11/25;Sites BAQ
ALOJAMIENTO; 24.829.678 ;54;19/11/25;Sites BAQ
ALOJAMIENTO; 8.439.193 ;54;20/11/25;Sites BAQ
ALOJAMIENTO; 9.682.925 ;54;21/11/25;Sites BAQ
ALOJAMIENTO; 12.620.624 ;54;22/11/25;Sites BAQ
ALOJAMIENTO; 11.306.106 ;54;23/11/25;Sites BAQ
ALOJAMIENTO; 12.287.352 ;54;24/11/25;Sites BAQ
ALOJAMIENTO; 15.085.899 ;54;25/11/25;Sites BAQ
ALOJAMIENTO; 7.522.105 ;54;26/11/25;Sites BAQ
ALOJAMIENTO; 9.359.277 ;54;27/11/25;Sites BAQ
ALOJAMIENTO; 10.270.384 ;54;28/11/25;Sites BAQ
ALOJAMIENTO; 6.825.649 ;54;29/11/25;Sites BAQ
ALOJAMIENTO; 4.779.254 ;54;30/11/25;Sites BAQ
ALOJAMIENTO; 5.893.047 ;54;1/12/25;Sites BAQ
ALOJAMIENTO; 10.929.890 ;54;2/12/25;Sites BAQ
ALOJAMIENTO; 8.627.569 ;54;3/12/25;Sites BAQ
ALOJAMIENTO; 11.210.765 ;54;4/12/25;Sites BAQ
ALOJAMIENTO; 10.678.998 ;54;5/12/25;Sites BAQ
ALOJAMIENTO; 7.162.772 ;54;6/12/25;Sites BAQ
ALOJAMIENTO; 8.548.943 ;54;7/12/25;Sites BAQ
ALOJAMIENTO; 6.304.236 ;54;8/12/25;Sites BAQ
ALOJAMIENTO; 7.429.436 ;54;9/12/25;Sites BAQ
ALOJAMIENTO; 7.258.361 ;54;10/12/25;Sites BAQ
ALOJAMIENTO; 10.577.562 ;54;11/12/25;Sites BAQ
ALOJAMIENTO; 10.596.338 ;54;12/12/25;Sites BAQ
ALOJAMIENTO; 13.304.476 ;54;13/12/25;Sites BAQ
ALOJAMIENTO; 12.177.210 ;54;14/12/25;Sites BAQ
ALOJAMIENTO; 12.857.485 ;54;15/12/25;Sites BAQ
ALOJAMIENTO; 18.217.457 ;54;16/12/25;Sites BAQ
ALOJAMIENTO; 16.454.263 ;54;17/12/25;Sites BAQ
ALOJAMIENTO; 12.377.818 ;54;18/12/25;Sites BAQ
ALOJAMIENTO; 7.930.014 ;54;19/12/25;Sites BAQ
ALOJAMIENTO; 8.484.524 ;54;20/12/25;Sites BAQ
ALOJAMIENTO; 10.503.821 ;54;21/12/25;Sites BAQ
ALOJAMIENTO; 6.515.220 ;54;22/12/25;Sites BAQ
ALOJAMIENTO; 7.950.207 ;54;23/12/25;Sites BAQ
ALOJAMIENTO; 6.845.786 ;54;24/12/25;Sites BAQ
ALOJAMIENTO; 8.981.848 ;54;25/12/25;Sites BAQ
ALOJAMIENTO; 9.771.617 ;54;26/12/25;Sites BAQ
ALOJAMIENTO; 11.435.978 ;54;27/12/25;Sites BAQ
ALOJAMIENTO; 8.384.952 ;54;28/12/25;Sites BAQ
ALOJAMIENTO; 9.455.747 ;54;29/12/25;Sites BAQ
ALOJAMIENTO; 10.364.515 ;54;30/12/25;Sites BAQ
ALOJAMIENTO; 12.838.661 ;54;31/12/25;Sites BAQ
ALOJAMIENTO; 8.859.070 ;54;1/01/25;Sites Recreo
ALOJAMIENTO; 9.357.094 ;54;2/01/25;Sites Recreo
ALOJAMIENTO; 11.477.153 ;54;3/01/25;Sites Recreo
ALOJAMIENTO; 9.996.936 ;54;4/01/25;Sites Recreo
ALOJAMIENTO; 10.657.323 ;54;5/01/25;Sites Recreo
ALOJAMIENTO; 9.823.436 ;54;6/01/25;Sites Recreo
ALOJAMIENTO; 11.155.653 ;54;7/01/25;Sites Recreo
ALOJAMIENTO; 12.239.933 ;54;8/01/25;Sites Recreo
ALOJAMIENTO; 14.234.741 ;54;9/01/25;Sites Recreo
ALOJAMIENTO; 14.416.425 ;54;10/01/25;Sites Recreo
ALOJAMIENTO; 11.774.070 ;54;11/01/25;Sites Recreo
ALOJAMIENTO; 8.045.641 ;54;12/01/25;Sites Recreo
ALOJAMIENTO; 10.153.070 ;54;13/01/25;Sites Recreo
ALOJAMIENTO; 12.071.556 ;54;14/01/25;Sites Recreo
ALOJAMIENTO; 14.549.248 ;54;15/01/25;Sites Recreo
ALOJAMIENTO; 15.982.594 ;54;16/01/25;Sites Recreo
ALOJAMIENTO; 13.692.812 ;54;17/01/25;Sites Recreo
ALOJAMIENTO; 12.948.598 ;54;18/01/25;Sites Recreo
ALOJAMIENTO; 13.254.000 ;54;19/01/25;Sites Recreo
ALOJAMIENTO; 11.359.901 ;54;20/01/25;Sites Recreo
ALOJAMIENTO; 13.646.194 ;54;21/01/25;Sites Recreo
ALOJAMIENTO; 15.230.187 ;54;22/01/25;Sites Recreo
ALOJAMIENTO; 19.197.419 ;54;23/01/25;Sites Recreo
ALOJAMIENTO; 16.216.426 ;54;24/01/25;Sites Recreo
ALOJAMIENTO; 13.747.653 ;54;25/01/25;Sites Recreo
ALOJAMIENTO; 11.374.887 ;54;26/01/25;Sites Recreo
ALOJAMIENTO; 12.128.454 ;54;27/01/25;Sites Recreo
ALOJAMIENTO; 13.453.320 ;54;28/01/25;Sites Recreo
ALOJAMIENTO; 16.361.470 ;54;29/01/25;Sites Recreo
ALOJAMIENTO; 17.241.155 ;54;30/01/25;Sites Recreo
ALOJAMIENTO; 15.126.900 ;54;31/01/25;Sites Recreo
ALOJAMIENTO; 12.069.566 ;54;1/02/25;Sites Recreo
ALOJAMIENTO; 9.712.884 ;54;2/02/25;Sites Recreo
ALOJAMIENTO; 10.494.405 ;54;3/02/25;Sites Recreo
ALOJAMIENTO; 10.590.401 ;54;4/02/25;Sites Recreo
ALOJAMIENTO; 12.755.947 ;54;5/02/25;Sites Recreo
ALOJAMIENTO; 14.860.833 ;54;6/02/25;Sites Recreo
ALOJAMIENTO; 12.764.756 ;54;7/02/25;Sites Recreo
ALOJAMIENTO; 12.304.505 ;54;8/02/25;Sites Recreo
ALOJAMIENTO; 8.813.788 ;54;9/02/25;Sites Recreo
ALOJAMIENTO; 8.950.044 ;54;10/02/25;Sites Recreo
ALOJAMIENTO; 12.687.092 ;54;11/02/25;Sites Recreo
ALOJAMIENTO; 13.143.790 ;54;12/02/25;Sites Recreo
ALOJAMIENTO; 15.539.555 ;54;13/02/25;Sites Recreo
ALOJAMIENTO; 14.293.436 ;54;14/02/25;Sites Recreo
ALOJAMIENTO; 13.049.400 ;54;15/02/25;Sites Recreo
ALOJAMIENTO; 9.034.263 ;54;16/02/25;Sites Recreo
ALOJAMIENTO; 11.588.912 ;54;17/02/25;Sites Recreo
ALOJAMIENTO; 11.096.320 ;54;18/02/25;Sites Recreo
ALOJAMIENTO; 13.125.853 ;54;19/02/25;Sites Recreo
ALOJAMIENTO; 15.902.758 ;54;20/02/25;Sites Recreo
ALOJAMIENTO; 16.114.107 ;54;21/02/25;Sites Recreo
ALOJAMIENTO; 13.542.267 ;54;22/02/25;Sites Recreo
ALOJAMIENTO; 11.123.567 ;54;23/02/25;Sites Recreo
ALOJAMIENTO; 12.804.188 ;54;24/02/25;Sites Recreo
ALOJAMIENTO; 13.919.357 ;54;25/02/25;Sites Recreo
ALOJAMIENTO; 14.328.814 ;54;26/02/25;Sites Recreo
ALOJAMIENTO; 10.315.431 ;54;27/02/25;Sites Recreo
ALOJAMIENTO; 10.805.815 ;54;28/02/25;Sites Recreo
ALOJAMIENTO; 3.848.259 ;54;1/03/25;Sites Recreo
ALOJAMIENTO; 10.483.505 ;54;1/03/25;Sites Recreo
ALOJAMIENTO; 8.474.295 ;54;2/03/25;Sites Recreo
ALOJAMIENTO; 8.314.362 ;54;3/03/25;Sites Recreo
ALOJAMIENTO; 12.388.571 ;54;4/03/25;Sites Recreo
ALOJAMIENTO; 14.007.718 ;54;5/03/25;Sites Recreo
ALOJAMIENTO; 12.998.455 ;54;6/03/25;Sites Recreo
ALOJAMIENTO; 12.037.417 ;54;7/03/25;Sites Recreo
ALOJAMIENTO; 13.761.037 ;54;8/03/25;Sites Recreo
ALOJAMIENTO; 9.581.197 ;54;9/03/25;Sites Recreo
ALOJAMIENTO; 10.117.337 ;54;10/03/25;Sites Recreo
ALOJAMIENTO; 14.033.267 ;54;11/03/25;Sites Recreo
ALOJAMIENTO; 13.255.201 ;54;12/03/25;Sites Recreo
ALOJAMIENTO; 13.412.137 ;54;13/03/25;Sites Recreo
ALOJAMIENTO; 13.861.855 ;54;14/03/25;Sites Recreo
ALOJAMIENTO; 10.293.785 ;54;15/03/25;Sites Recreo
ALOJAMIENTO; 8.546.304 ;54;16/03/25;Sites Recreo
ALOJAMIENTO; 12.513.282 ;54;17/03/25;Sites Recreo
ALOJAMIENTO; 17.615.999 ;54;18/03/25;Sites Recreo
ALOJAMIENTO; 16.034.032 ;54;19/03/25;Sites Recreo
ALOJAMIENTO; 15.459.955 ;54;20/03/25;Sites Recreo
ALOJAMIENTO; 14.565.461 ;54;21/03/25;Sites Recreo
ALOJAMIENTO; 12.840.937 ;54;22/03/25;Sites Recreo
ALOJAMIENTO; 13.019.628 ;54;23/03/25;Sites Recreo
ALOJAMIENTO; 10.173.945 ;54;24/03/25;Sites Recreo
ALOJAMIENTO; 10.302.586 ;54;25/03/25;Sites Recreo
ALOJAMIENTO; 11.952.119 ;54;26/03/25;Sites Recreo
ALOJAMIENTO; 14.833.075 ;54;27/03/25;Sites Recreo
ALOJAMIENTO; 15.610.188 ;54;28/03/25;Sites Recreo
ALOJAMIENTO; 16.749.668 ;54;29/03/25;Sites Recreo
ALOJAMIENTO; 15.178.054 ;54;30/03/25;Sites Recreo
ALOJAMIENTO; 13.814.289 ;54;31/03/25;Sites Recreo
ALOJAMIENTO; 15.266.142 ;54;1/04/25;Sites Recreo
ALOJAMIENTO; 13.342.232 ;54;2/04/25;Sites Recreo
ALOJAMIENTO; 14.329.291 ;54;3/04/25;Sites Recreo
ALOJAMIENTO; 13.758.160 ;54;4/04/25;Sites Recreo
ALOJAMIENTO; 11.747.175 ;54;5/04/25;Sites Recreo
ALOJAMIENTO; 8.870.517 ;54;6/04/25;Sites Recreo
ALOJAMIENTO; 9.922.080 ;54;7/04/25;Sites Recreo
ALOJAMIENTO; 13.841.771 ;54;8/04/25;Sites Recreo
ALOJAMIENTO; 13.605.113 ;54;9/04/25;Sites Recreo
ALOJAMIENTO; 15.191.581 ;54;10/04/25;Sites Recreo
ALOJAMIENTO; 10.814.427 ;54;11/04/25;Sites Recreo
ALOJAMIENTO; 13.463.678 ;54;12/04/25;Sites Recreo
ALOJAMIENTO; 10.237.562 ;54;13/04/25;Sites Recreo
ALOJAMIENTO; 9.432.415 ;54;14/04/25;Sites Recreo
ALOJAMIENTO; 10.089.525 ;54;15/04/25;Sites Recreo
ALOJAMIENTO; 11.786.006 ;54;16/04/25;Sites Recreo
ALOJAMIENTO; 13.581.573 ;54;17/04/25;Sites Recreo
ALOJAMIENTO; 14.965.327 ;54;18/04/25;Sites Recreo
ALOJAMIENTO; 15.007.272 ;54;19/04/25;Sites Recreo
ALOJAMIENTO; 9.665.285 ;54;20/04/25;Sites Recreo
ALOJAMIENTO; 9.842.171 ;54;21/04/25;Sites Recreo
ALOJAMIENTO; 14.800.543 ;54;22/04/25;Sites Recreo
ALOJAMIENTO; 15.466.592 ;54;23/04/25;Sites Recreo
ALOJAMIENTO; 17.970.823 ;54;24/04/25;Sites Recreo
ALOJAMIENTO; 15.430.427 ;54;25/04/25;Sites Recreo
ALOJAMIENTO; 12.595.262 ;54;26/04/25;Sites Recreo
ALOJAMIENTO; 10.172.416 ;54;27/04/25;Sites Recreo
ALOJAMIENTO; 12.796.478 ;54;28/04/25;Sites Recreo
ALOJAMIENTO; 14.226.461 ;54;29/04/25;Sites Recreo
ALOJAMIENTO; 9.594.435 ;54;30/04/25;Sites Recreo
ALOJAMIENTO; 6.767.369 ;54;1/05/25;Sites Recreo
ALOJAMIENTO; 10.241.231 ;54;2/05/25;Sites Recreo
ALOJAMIENTO; 12.465.662 ;54;3/05/25;Sites Recreo
ALOJAMIENTO; 12.400.342 ;54;4/05/25;Sites Recreo
ALOJAMIENTO; 11.745.524 ;54;5/05/25;Sites Recreo
ALOJAMIENTO; 14.976.302 ;54;6/05/25;Sites Recreo
ALOJAMIENTO; 15.765.304 ;54;7/05/25;Sites Recreo
ALOJAMIENTO; 17.655.426 ;54;8/05/25;Sites Recreo
ALOJAMIENTO; 17.380.235 ;54;9/05/25;Sites Recreo
ALOJAMIENTO; 13.811.886 ;54;10/05/25;Sites Recreo
ALOJAMIENTO; 11.049.548 ;54;11/05/25;Sites Recreo
ALOJAMIENTO; 10.393.014 ;54;12/05/25;Sites Recreo
ALOJAMIENTO; 10.513.869 ;54;13/05/25;Sites Recreo
ALOJAMIENTO; 15.354.301 ;54;14/05/25;Sites Recreo
ALOJAMIENTO; 17.536.517 ;54;15/05/25;Sites Recreo
ALOJAMIENTO; 15.437.389 ;54;16/05/25;Sites Recreo
ALOJAMIENTO; 12.427.868 ;54;17/05/25;Sites Recreo
ALOJAMIENTO; 12.070.521 ;54;18/05/25;Sites Recreo
ALOJAMIENTO; 13.459.576 ;54;19/05/25;Sites Recreo
ALOJAMIENTO; 15.728.499 ;54;20/05/25;Sites Recreo
ALOJAMIENTO; 17.411.175 ;54;21/05/25;Sites Recreo
ALOJAMIENTO; 16.602.701 ;54;22/05/25;Sites Recreo
ALOJAMIENTO; 17.368.419 ;54;23/05/25;Sites Recreo
ALOJAMIENTO; 15.574.069 ;54;24/05/25;Sites Recreo
ALOJAMIENTO; 13.030.305 ;54;25/05/25;Sites Recreo
ALOJAMIENTO; 10.399.072 ;54;26/05/25;Sites Recreo
ALOJAMIENTO; 10.146.410 ;54;27/05/25;Sites Recreo
ALOJAMIENTO; 13.124.382 ;54;28/05/25;Sites Recreo
ALOJAMIENTO; 13.643.722 ;54;29/05/25;Sites Recreo
ALOJAMIENTO; 13.870.903 ;54;30/05/25;Sites Recreo
ALOJAMIENTO; 11.958.135 ;54;31/05/25;Sites Recreo
ALOJAMIENTO; 10.533.935 ;54;1/06/25;Sites Recreo
ALOJAMIENTO; 7.032.892 ;54;2/06/25;Sites Recreo
ALOJAMIENTO; 8.458.390 ;54;3/06/25;Sites Recreo
ALOJAMIENTO; 11.049.188 ;54;4/06/25;Sites Recreo
ALOJAMIENTO; 13.310.675 ;54;5/06/25;Sites Recreo
ALOJAMIENTO; 15.074.673 ;54;6/06/25;Sites Recreo
ALOJAMIENTO; 11.655.207 ;54;7/06/25;Sites Recreo
ALOJAMIENTO; 9.054.829 ;54;8/06/25;Sites Recreo
ALOJAMIENTO; 13.574.257 ;54;9/06/25;Sites Recreo
ALOJAMIENTO; 11.052.205 ;54;10/06/25;Sites Recreo
ALOJAMIENTO; 13.133.371 ;54;11/06/25;Sites Recreo
ALOJAMIENTO; 14.706.724 ;54;12/06/25;Sites Recreo
ALOJAMIENTO; 24.729.968 ;54;13/06/25;Sites Recreo
ALOJAMIENTO; 28.031.844 ;54;14/06/25;Sites Recreo
ALOJAMIENTO; 25.658.361 ;54;15/06/25;Sites Recreo
ALOJAMIENTO; 19.145.518 ;54;16/06/25;Sites Recreo
ALOJAMIENTO; 20.808.583 ;54;17/06/25;Sites Recreo
ALOJAMIENTO; 22.711.323 ;54;18/06/25;Sites Recreo
ALOJAMIENTO; 21.672.073 ;54;19/06/25;Sites Recreo
ALOJAMIENTO; 24.448.591 ;54;20/06/25;Sites Recreo
ALOJAMIENTO; 21.353.259 ;54;21/06/25;Sites Recreo
ALOJAMIENTO; 19.038.232 ;54;22/06/25;Sites Recreo
ALOJAMIENTO; 11.310.699 ;54;23/06/25;Sites Recreo
ALOJAMIENTO; 12.820.867 ;54;24/06/25;Sites Recreo
ALOJAMIENTO; 16.481.826 ;54;25/06/25;Sites Recreo
ALOJAMIENTO; 18.310.506 ;54;26/06/25;Sites Recreo
ALOJAMIENTO; 20.751.879 ;54;27/06/25;Sites Recreo
ALOJAMIENTO; 19.386.314 ;54;28/06/25;Sites Recreo
ALOJAMIENTO; 18.947.013 ;54;29/06/25;Sites Recreo
ALOJAMIENTO; 17.173.425 ;54;30/06/25;Sites Recreo
ALOJAMIENTO; 17.557.368 ;54;1/07/25;Sites Recreo
ALOJAMIENTO; 18.141.421 ;54;2/07/25;Sites Recreo
ALOJAMIENTO; 15.367.455 ;54;3/07/25;Sites Recreo
ALOJAMIENTO; 15.520.949 ;54;4/07/25;Sites Recreo
ALOJAMIENTO; 17.411.187 ;54;5/07/25;Sites Recreo
ALOJAMIENTO; 13.913.078 ;54;6/07/25;Sites Recreo
ALOJAMIENTO; 10.590.603 ;54;7/07/25;Sites Recreo
ALOJAMIENTO; 12.918.701 ;54;8/07/25;Sites Recreo
ALOJAMIENTO; 14.430.257 ;54;9/07/25;Sites Recreo
ALOJAMIENTO; 17.804.864 ;54;10/07/25;Sites Recreo
ALOJAMIENTO; 17.406.932 ;54;11/07/25;Sites Recreo
ALOJAMIENTO; 14.600.899 ;54;12/07/25;Sites Recreo
ALOJAMIENTO; 11.864.282 ;54;13/07/25;Sites Recreo
ALOJAMIENTO; 11.726.946 ;54;14/07/25;Sites Recreo
ALOJAMIENTO; 16.274.003 ;54;15/07/25;Sites Recreo
ALOJAMIENTO; 16.064.547 ;54;16/07/25;Sites Recreo
ALOJAMIENTO; 18.306.497 ;54;17/07/25;Sites Recreo
ALOJAMIENTO; 15.099.206 ;54;18/07/25;Sites Recreo
ALOJAMIENTO; 10.299.209 ;54;19/07/25;Sites Recreo
ALOJAMIENTO; 9.039.179 ;54;20/07/25;Sites Recreo
ALOJAMIENTO; 11.197.932 ;54;21/07/25;Sites Recreo
ALOJAMIENTO; 15.265.463 ;54;22/07/25;Sites Recreo
ALOJAMIENTO; 16.590.811 ;54;23/07/25;Sites Recreo
ALOJAMIENTO; 18.012.186 ;54;24/07/25;Sites Recreo
ALOJAMIENTO; 17.364.205 ;54;25/07/25;Sites Recreo
ALOJAMIENTO; 14.889.999 ;54;26/07/25;Sites Recreo
ALOJAMIENTO; 10.649.805 ;54;27/07/25;Sites Recreo
ALOJAMIENTO; 9.669.693 ;54;28/07/25;Sites Recreo
ALOJAMIENTO; 12.318.372 ;54;29/07/25;Sites Recreo
ALOJAMIENTO; 14.158.502 ;54;30/07/25;Sites Recreo
ALOJAMIENTO; 16.335.495 ;54;31/07/25;Sites Recreo
ALOJAMIENTO; 17.683.024 ;54;1/08/25;Sites Recreo
ALOJAMIENTO; 16.947.620 ;54;2/08/25;Sites Recreo
ALOJAMIENTO; 17.289.642 ;54;3/08/25;Sites Recreo
ALOJAMIENTO; 18.613.319 ;54;4/08/25;Sites Recreo
ALOJAMIENTO; 20.294.164 ;54;5/08/25;Sites Recreo
ALOJAMIENTO; 12.781.530 ;54;6/08/25;Sites Recreo
ALOJAMIENTO; 11.483.312 ;54;7/08/25;Sites Recreo
ALOJAMIENTO; 20.134.365 ;54;8/08/25;Sites Recreo
ALOJAMIENTO; 17.077.911 ;54;9/08/25;Sites Recreo
ALOJAMIENTO; 16.697.047 ;54;10/08/25;Sites Recreo
ALOJAMIENTO; 20.930.666 ;54;11/08/25;Sites Recreo
ALOJAMIENTO; 22.382.769 ;54;12/08/25;Sites Recreo
ALOJAMIENTO; 9.750.856 ;54;13/08/25;Sites Recreo
ALOJAMIENTO; 12.679.050 ;54;14/08/25;Sites Recreo
ALOJAMIENTO; 16.163.198 ;54;15/08/25;Sites Recreo
ALOJAMIENTO; 17.094.307 ;54;16/08/25;Sites Recreo
ALOJAMIENTO; 15.508.617 ;54;17/08/25;Sites Recreo
ALOJAMIENTO; 12.652.301 ;54;18/08/25;Sites Recreo
ALOJAMIENTO; 9.201.935 ;54;19/08/25;Sites Recreo
ALOJAMIENTO; 10.071.409 ;54;20/08/25;Sites Recreo
ALOJAMIENTO; 13.018.450 ;54;21/08/25;Sites Recreo
ALOJAMIENTO; 14.243.456 ;54;22/08/25;Sites Recreo
ALOJAMIENTO; 12.638.936 ;54;23/08/25;Sites Recreo
ALOJAMIENTO; 11.414.224 ;54;24/08/25;Sites Recreo
ALOJAMIENTO; 8.184.832 ;54;25/08/25;Sites Recreo
ALOJAMIENTO; 8.134.040 ;54;26/08/25;Sites Recreo
ALOJAMIENTO; 8.462.158 ;54;27/08/25;Sites Recreo
ALOJAMIENTO; 11.233.883 ;54;28/08/25;Sites Recreo
ALOJAMIENTO; 12.493.331 ;54;29/08/25;Sites Recreo
ALOJAMIENTO; 12.139.687 ;54;30/08/25;Sites Recreo
ALOJAMIENTO; 11.332.839 ;54;31/08/25;Sites Recreo
ALOJAMIENTO; 12.368.195 ;54;1/09/25;Sites Recreo
ALOJAMIENTO; 12.187.469 ;54;2/09/25;Sites Recreo
ALOJAMIENTO; 10.334.345 ;54;3/09/25;Sites Recreo
ALOJAMIENTO; 16.494.798 ;54;4/09/25;Sites Recreo
ALOJAMIENTO; 18.031.297 ;54;5/09/25;Sites Recreo
ALOJAMIENTO; 17.255.725 ;54;6/09/25;Sites Recreo
ALOJAMIENTO; 18.440.805 ;54;7/09/25;Sites Recreo
ALOJAMIENTO; 17.317.793 ;54;8/09/25;Sites Recreo
ALOJAMIENTO; 13.458.212 ;54;9/09/25;Sites Recreo
ALOJAMIENTO; 9.587.054 ;54;10/09/25;Sites Recreo
ALOJAMIENTO; 12.998.056 ;54;11/09/25;Sites Recreo
ALOJAMIENTO; 16.223.501 ;54;12/09/25;Sites Recreo
ALOJAMIENTO; 15.333.880 ;54;13/09/25;Sites Recreo
ALOJAMIENTO; 15.998.272 ;54;14/09/25;Sites Recreo
ALOJAMIENTO; 13.327.326 ;54;15/09/25;Sites Recreo
ALOJAMIENTO; 12.601.146 ;54;16/09/25;Sites Recreo
ALOJAMIENTO; 9.732.818 ;54;17/09/25;Sites Recreo
ALOJAMIENTO; 16.517.799 ;54;18/09/25;Sites Recreo
ALOJAMIENTO; 16.119.608 ;54;19/09/25;Sites Recreo
ALOJAMIENTO; 16.435.655 ;54;20/09/25;Sites Recreo
ALOJAMIENTO; 15.475.959 ;54;21/09/25;Sites Recreo
ALOJAMIENTO; 8.906.918 ;54;22/09/25;Sites Recreo
ALOJAMIENTO; 10.863.811 ;54;23/09/25;Sites Recreo
ALOJAMIENTO; 6.790.712 ;54;24/09/25;Sites Recreo
ALOJAMIENTO; 13.207.690 ;54;25/09/25;Sites Recreo
ALOJAMIENTO; 17.525.782 ;54;26/09/25;Sites Recreo
ALOJAMIENTO; 17.838.802 ;54;27/09/25;Sites Recreo
ALOJAMIENTO; 16.163.019 ;54;28/09/25;Sites Recreo
ALOJAMIENTO; 10.672.439 ;54;29/09/25;Sites Recreo
ALOJAMIENTO; 10.129.143 ;54;30/09/25;Sites Recreo
ALOJAMIENTO; 9.131.154 ;54;1/10/25;Sites Recreo
ALOJAMIENTO; 13.777.917 ;54;2/10/25;Sites Recreo
ALOJAMIENTO; 15.444.164 ;54;3/10/25;Sites Recreo
ALOJAMIENTO; 16.541.026 ;54;4/10/25;Sites Recreo
ALOJAMIENTO; 16.043.493 ;54;5/10/25;Sites Recreo
ALOJAMIENTO; 13.086.378 ;54;6/10/25;Sites Recreo
ALOJAMIENTO; 12.632.763 ;54;7/10/25;Sites Recreo
ALOJAMIENTO; 18.542.991 ;54;8/10/25;Sites Recreo
ALOJAMIENTO; 21.292.609 ;54;9/10/25;Sites Recreo
ALOJAMIENTO; 23.071.471 ;54;10/10/25;Sites Recreo
ALOJAMIENTO; 21.304.383 ;54;11/10/25;Sites Recreo
ALOJAMIENTO; 19.678.578 ;54;12/10/25;Sites Recreo
ALOJAMIENTO; 18.252.292 ;54;13/10/25;Sites Recreo
ALOJAMIENTO; 13.211.315 ;54;14/10/25;Sites Recreo
ALOJAMIENTO; 10.135.678 ;54;15/10/25;Sites Recreo
ALOJAMIENTO; 13.263.956 ;54;16/10/25;Sites Recreo
ALOJAMIENTO; 16.062.258 ;54;17/10/25;Sites Recreo
ALOJAMIENTO; 18.127.743 ;54;18/10/25;Sites Recreo
ALOJAMIENTO; 17.661.292 ;54;19/10/25;Sites Recreo
ALOJAMIENTO; 9.558.581 ;54;20/10/25;Sites Recreo
ALOJAMIENTO; 10.112.353 ;54;21/10/25;Sites Recreo
ALOJAMIENTO; 13.637.530 ;54;22/10/25;Sites Recreo
ALOJAMIENTO; 16.878.689 ;54;23/10/25;Sites Recreo
ALOJAMIENTO; 21.071.353 ;54;24/10/25;Sites Recreo
ALOJAMIENTO; 19.820.314 ;54;25/10/25;Sites Recreo
ALOJAMIENTO; 15.866.637 ;54;26/10/25;Sites Recreo
ALOJAMIENTO; 7.261.660 ;54;27/10/25;Sites Recreo
ALOJAMIENTO; 10.053.306 ;54;28/10/25;Sites Recreo
ALOJAMIENTO; 10.514.545 ;54;29/10/25;Sites Recreo
ALOJAMIENTO; 11.066.200 ;54;30/10/25;Sites Recreo
ALOJAMIENTO; 12.111.985 ;54;31/10/25;Sites Recreo
ALOJAMIENTO; 13.820.559 ;54;1/11/25;Sites Recreo
ALOJAMIENTO; 13.764.843 ;54;2/11/25;Sites Recreo
ALOJAMIENTO; 11.041.967 ;54;3/11/25;Sites Recreo
ALOJAMIENTO; 6.516.699 ;54;4/11/25;Sites Recreo
ALOJAMIENTO; 9.385.657 ;54;5/11/25;Sites Recreo
ALOJAMIENTO; 12.961.559 ;54;6/11/25;Sites Recreo
ALOJAMIENTO; 14.580.460 ;54;7/11/25;Sites Recreo
ALOJAMIENTO; 14.684.127 ;54;8/11/25;Sites Recreo
ALOJAMIENTO; 15.168.317 ;54;9/11/25;Sites Recreo
ALOJAMIENTO; 12.667.277 ;54;10/11/25;Sites Recreo
ALOJAMIENTO; 13.040.049 ;54;11/11/25;Sites Recreo
ALOJAMIENTO; 10.664.384 ;54;12/11/25;Sites Recreo
ALOJAMIENTO; 10.413.155 ;54;13/11/25;Sites Recreo
ALOJAMIENTO; 14.190.471 ;54;14/11/25;Sites Recreo
ALOJAMIENTO; 14.646.856 ;54;15/11/25;Sites Recreo
ALOJAMIENTO; 14.453.305 ;54;16/11/25;Sites Recreo
ALOJAMIENTO; 11.578.690 ;54;17/11/25;Sites Recreo
ALOJAMIENTO; 15.842.601 ;54;18/11/25;Sites Recreo
ALOJAMIENTO; 12.840.673 ;54;19/11/25;Sites Recreo
ALOJAMIENTO; 17.207.855 ;54;20/11/25;Sites Recreo
ALOJAMIENTO; 18.189.253 ;54;21/11/25;Sites Recreo
ALOJAMIENTO; 15.467.868 ;54;22/11/25;Sites Recreo
ALOJAMIENTO; 13.019.375 ;54;23/11/25;Sites Recreo
ALOJAMIENTO; 10.020.323 ;54;24/11/25;Sites Recreo
ALOJAMIENTO; 14.266.048 ;54;25/11/25;Sites Recreo
ALOJAMIENTO; 12.513.130 ;54;26/11/25;Sites Recreo
ALOJAMIENTO; 17.865.952 ;54;27/11/25;Sites Recreo
ALOJAMIENTO; 17.017.434 ;54;28/11/25;Sites Recreo
ALOJAMIENTO; 14.608.278 ;54;29/11/25;Sites Recreo
ALOJAMIENTO; 12.245.224 ;54;30/11/25;Sites Recreo
ALOJAMIENTO; 12.074.367 ;54;1/12/25;Sites Recreo
ALOJAMIENTO; 14.514.659 ;54;2/12/25;Sites Recreo
ALOJAMIENTO; 13.972.965 ;54;3/12/25;Sites Recreo
ALOJAMIENTO; 15.972.135 ;54;4/12/25;Sites Recreo
ALOJAMIENTO; 20.023.738 ;54;5/12/25;Sites Recreo
ALOJAMIENTO; 14.117.898 ;54;6/12/25;Sites Recreo
ALOJAMIENTO; 11.931.454 ;54;7/12/25;Sites Recreo
ALOJAMIENTO; 11.960.097 ;54;8/12/25;Sites Recreo
ALOJAMIENTO; 12.355.239 ;54;9/12/25;Sites Recreo
ALOJAMIENTO; 11.069.228 ;54;10/12/25;Sites Recreo
ALOJAMIENTO; 14.989.950 ;54;11/12/25;Sites Recreo
ALOJAMIENTO; 13.027.768 ;54;12/12/25;Sites Recreo
ALOJAMIENTO; 15.092.167 ;54;13/12/25;Sites Recreo
ALOJAMIENTO; 15.969.176 ;54;14/12/25;Sites Recreo
ALOJAMIENTO; 11.979.967 ;54;15/12/25;Sites Recreo
ALOJAMIENTO; 16.313.976 ;54;16/12/25;Sites Recreo
ALOJAMIENTO; 14.937.917 ;54;17/12/25;Sites Recreo
ALOJAMIENTO; 15.316.864 ;54;18/12/25;Sites Recreo
ALOJAMIENTO; 13.425.014 ;54;19/12/25;Sites Recreo
ALOJAMIENTO; 14.865.511 ;54;20/12/25;Sites Recreo
ALOJAMIENTO; 13.452.151 ;54;21/12/25;Sites Recreo
ALOJAMIENTO; 10.575.954 ;54;22/12/25;Sites Recreo
ALOJAMIENTO; 7.727.239 ;54;23/12/25;Sites Recreo
ALOJAMIENTO; 8.263.436 ;54;24/12/25;Sites Recreo
ALOJAMIENTO; 10.899.628 ;54;25/12/25;Sites Recreo
ALOJAMIENTO; 12.463.808 ;54;26/12/25;Sites Recreo
ALOJAMIENTO; 14.475.983 ;54;27/12/25;Sites Recreo
ALOJAMIENTO; 12.946.631 ;54;28/12/25;Sites Recreo
ALOJAMIENTO; 14.397.164 ;54;29/12/25;Sites Recreo
ALOJAMIENTO; 10.449.442 ;54;30/12/25;Sites Recreo
ALOJAMIENTO; 12.885.289 ;54;31/12/25;Sites Recreo